"","x","study_name","sample_number","species","region","island","stage","individual_id","clutch_completion","date_egg","culmen_length_mm","culmen_depth_mm","flipper_length_mm","body_mass_g","sex"
"1",1,"PAL0708",1,"Adelie Penguin (Pygoscelis adeliae)","Anvers","Torgersen","Adult, 1 Egg Stage","N1A1","Yes","2007-11-11",39.1,18.7,181,3750,"MALE"
"2",2,"PAL0708",2,"Adelie Penguin (Pygoscelis adeliae)","Anvers","Torgersen","Adult, 1 Egg Stage","N1A2","Yes","2007-11-11",39.5,17.4,186,3800,"FEMALE"
"3",3,"PAL0708",3,"Adelie Penguin (Pygoscelis adeliae)","Anvers","Torgersen","Adult, 1 Egg Stage","N2A1","Yes","2007-11-16",40.3,18,195,3250,"FEMALE"
"4",5,"PAL0708",5,"Adelie Penguin (Pygoscelis adeliae)","Anvers","Torgersen","Adult, 1 Egg Stage","N3A1","Yes","2007-11-16",36.7,19.3,193,3450,"FEMALE"
"5",6,"PAL0708",6,"Adelie Penguin (Pygoscelis adeliae)","Anvers","Torgersen","Adult, 1 Egg Stage","N3A2","Yes","2007-11-16",39.3,20.6,190,3650,"MALE"
"6",7,"PAL0708",7,"Adelie Penguin (Pygoscelis adeliae)","Anvers","Torgersen","Adult, 1 Egg Stage","N4A1","No","2007-11-15",38.9,17.8,181,3625,"FEMALE"
"7",8,"PAL0708",8,"Adelie Penguin (Pygoscelis adeliae)","Anvers","Torgersen","Adult, 1 Egg Stage","N4A2","No","2007-11-15",39.2,19.6,195,4675,"MALE"
"8",13,"PAL0708",13,"Adelie Penguin (Pygoscelis adeliae)","Anvers","Torgersen","Adult, 1 Egg Stage","N7A1","Yes","2007-11-15",41.1,17.6,182,3200,"FEMALE"
"9",14,"PAL0708",14,"Adelie Penguin (Pygoscelis adeliae)","Anvers","Torgersen","Adult, 1 Egg Stage","N7A2","Yes","2007-11-15",38.6,21.2,191,3800,"MALE"
"10",15,"PAL0708",15,"Adelie Penguin (Pygoscelis adeliae)","Anvers","Torgersen","Adult, 1 Egg Stage","N8A1","Yes","2007-11-16",34.6,21.1,198,4400,"MALE"
"11",16,"PAL0708",16,"Adelie Penguin (Pygoscelis adeliae)","Anvers","Torgersen","Adult, 1 Egg Stage","N8A2","Yes","2007-11-16",36.6,17.8,185,3700,"FEMALE"
"12",17,"PAL0708",17,"Adelie Penguin (Pygoscelis adeliae)","Anvers","Torgersen","Adult, 1 Egg Stage","N9A1","Yes","2007-11-12",38.7,19,195,3450,"FEMALE"
"13",18,"PAL0708",18,"Adelie Penguin (Pygoscelis adeliae)","Anvers","Torgersen","Adult, 1 Egg Stage","N9A2","Yes","2007-11-12",42.5,20.7,197,4500,"MALE"
"14",19,"PAL0708",19,"Adelie Penguin (Pygoscelis adeliae)","Anvers","Torgersen","Adult, 1 Egg Stage","N10A1","Yes","2007-11-16",34.4,18.4,184,3325,"FEMALE"
"15",20,"PAL0708",20,"Adelie Penguin (Pygoscelis adeliae)","Anvers","Torgersen","Adult, 1 Egg Stage","N10A2","Yes","2007-11-16",46,21.5,194,4200,"MALE"
"16",21,"PAL0708",21,"Adelie Penguin (Pygoscelis adeliae)","Anvers","Biscoe","Adult, 1 Egg Stage","N11A1","Yes","2007-11-12",37.8,18.3,174,3400,"FEMALE"
"17",22,"PAL0708",22,"Adelie Penguin (Pygoscelis adeliae)","Anvers","Biscoe","Adult, 1 Egg Stage","N11A2","Yes","2007-11-12",37.7,18.7,180,3600,"MALE"
"18",23,"PAL0708",23,"Adelie Penguin (Pygoscelis adeliae)","Anvers","Biscoe","Adult, 1 Egg Stage","N12A1","Yes","2007-11-12",35.9,19.2,189,3800,"FEMALE"
"19",24,"PAL0708",24,"Adelie Penguin (Pygoscelis adeliae)","Anvers","Biscoe","Adult, 1 Egg Stage","N12A2","Yes","2007-11-12",38.2,18.1,185,3950,"MALE"
"20",25,"PAL0708",25,"Adelie Penguin (Pygoscelis adeliae)","Anvers","Biscoe","Adult, 1 Egg Stage","N13A1","Yes","2007-11-10",38.8,17.2,180,3800,"MALE"
"21",26,"PAL0708",26,"Adelie Penguin (Pygoscelis adeliae)","Anvers","Biscoe","Adult, 1 Egg Stage","N13A2","Yes","2007-11-10",35.3,18.9,187,3800,"FEMALE"
"22",27,"PAL0708",27,"Adelie Penguin (Pygoscelis adeliae)","Anvers","Biscoe","Adult, 1 Egg Stage","N17A1","Yes","2007-11-12",40.6,18.6,183,3550,"MALE"
"23",28,"PAL0708",28,"Adelie Penguin (Pygoscelis adeliae)","Anvers","Biscoe","Adult, 1 Egg Stage","N17A2","Yes","2007-11-12",40.5,17.9,187,3200,"FEMALE"
"24",29,"PAL0708",29,"Adelie Penguin (Pygoscelis adeliae)","Anvers","Biscoe","Adult, 1 Egg Stage","N18A1","No","2007-11-10",37.9,18.6,172,3150,"FEMALE"
"25",30,"PAL0708",30,"Adelie Penguin (Pygoscelis adeliae)","Anvers","Biscoe","Adult, 1 Egg Stage","N18A2","No","2007-11-10",40.5,18.9,180,3950,"MALE"
"26",31,"PAL0708",31,"Adelie Penguin (Pygoscelis adeliae)","Anvers","Dream","Adult, 1 Egg Stage","N21A1","Yes","2007-11-09",39.5,16.7,178,3250,"FEMALE"
"27",32,"PAL0708",32,"Adelie Penguin (Pygoscelis adeliae)","Anvers","Dream","Adult, 1 Egg Stage","N21A2","Yes","2007-11-09",37.2,18.1,178,3900,"MALE"
"28",33,"PAL0708",33,"Adelie Penguin (Pygoscelis adeliae)","Anvers","Dream","Adult, 1 Egg Stage","N22A1","Yes","2007-11-09",39.5,17.8,188,3300,"FEMALE"
"29",34,"PAL0708",34,"Adelie Penguin (Pygoscelis adeliae)","Anvers","Dream","Adult, 1 Egg Stage","N22A2","Yes","2007-11-09",40.9,18.9,184,3900,"MALE"
"30",35,"PAL0708",35,"Adelie Penguin (Pygoscelis adeliae)","Anvers","Dream","Adult, 1 Egg Stage","N23A1","Yes","2007-11-16",36.4,17,195,3325,"FEMALE"
"31",36,"PAL0708",36,"Adelie Penguin (Pygoscelis adeliae)","Anvers","Dream","Adult, 1 Egg Stage","N23A2","Yes","2007-11-16",39.2,21.1,196,4150,"MALE"
"32",37,"PAL0708",37,"Adelie Penguin (Pygoscelis adeliae)","Anvers","Dream","Adult, 1 Egg Stage","N24A1","Yes","2007-11-16",38.8,20,190,3950,"MALE"
"33",38,"PAL0708",38,"Adelie Penguin (Pygoscelis adeliae)","Anvers","Dream","Adult, 1 Egg Stage","N24A2","Yes","2007-11-16",42.2,18.5,180,3550,"FEMALE"
"34",39,"PAL0708",39,"Adelie Penguin (Pygoscelis adeliae)","Anvers","Dream","Adult, 1 Egg Stage","N25A1","No","2007-11-13",37.6,19.3,181,3300,"FEMALE"
"35",40,"PAL0708",40,"Adelie Penguin (Pygoscelis adeliae)","Anvers","Dream","Adult, 1 Egg Stage","N25A2","No","2007-11-13",39.8,19.1,184,4650,"MALE"
"36",41,"PAL0708",41,"Adelie Penguin (Pygoscelis adeliae)","Anvers","Dream","Adult, 1 Egg Stage","N26A1","Yes","2007-11-16",36.5,18,182,3150,"FEMALE"
"37",42,"PAL0708",42,"Adelie Penguin (Pygoscelis adeliae)","Anvers","Dream","Adult, 1 Egg Stage","N26A2","Yes","2007-11-16",40.8,18.4,195,3900,"MALE"
"38",43,"PAL0708",43,"Adelie Penguin (Pygoscelis adeliae)","Anvers","Dream","Adult, 1 Egg Stage","N27A1","Yes","2007-11-19",36,18.5,186,3100,"FEMALE"
"39",44,"PAL0708",44,"Adelie Penguin (Pygoscelis adeliae)","Anvers","Dream","Adult, 1 Egg Stage","N27A2","Yes","2007-11-19",44.1,19.7,196,4400,"MALE"
"40",45,"PAL0708",45,"Adelie Penguin (Pygoscelis adeliae)","Anvers","Dream","Adult, 1 Egg Stage","N28A1","Yes","2007-11-16",37,16.9,185,3000,"FEMALE"
"41",46,"PAL0708",46,"Adelie Penguin (Pygoscelis adeliae)","Anvers","Dream","Adult, 1 Egg Stage","N28A2","Yes","2007-11-16",39.6,18.8,190,4600,"MALE"
"42",47,"PAL0708",47,"Adelie Penguin (Pygoscelis adeliae)","Anvers","Dream","Adult, 1 Egg Stage","N29A1","Yes","2007-11-13",41.1,19,182,3425,"MALE"
"43",49,"PAL0708",49,"Adelie Penguin (Pygoscelis adeliae)","Anvers","Dream","Adult, 1 Egg Stage","N30A1","Yes","2007-11-13",36,17.9,190,3450,"FEMALE"
"44",50,"PAL0708",50,"Adelie Penguin (Pygoscelis adeliae)","Anvers","Dream","Adult, 1 Egg Stage","N30A2","Yes","2007-11-13",42.3,21.2,191,4150,"MALE"
"45",51,"PAL0809",51,"Adelie Penguin (Pygoscelis adeliae)","Anvers","Biscoe","Adult, 1 Egg Stage","N21A1","Yes","2008-11-06",39.6,17.7,186,3500,"FEMALE"
"46",52,"PAL0809",52,"Adelie Penguin (Pygoscelis adeliae)","Anvers","Biscoe","Adult, 1 Egg Stage","N21A2","Yes","2008-11-06",40.1,18.9,188,4300,"MALE"
"47",53,"PAL0809",53,"Adelie Penguin (Pygoscelis adeliae)","Anvers","Biscoe","Adult, 1 Egg Stage","N22A1","Yes","2008-11-09",35,17.9,190,3450,"FEMALE"
"48",54,"PAL0809",54,"Adelie Penguin (Pygoscelis adeliae)","Anvers","Biscoe","Adult, 1 Egg Stage","N22A2","Yes","2008-11-09",42,19.5,200,4050,"MALE"
"49",55,"PAL0809",55,"Adelie Penguin (Pygoscelis adeliae)","Anvers","Biscoe","Adult, 1 Egg Stage","N23A1","Yes","2008-11-09",34.5,18.1,187,2900,"FEMALE"
"50",56,"PAL0809",56,"Adelie Penguin (Pygoscelis adeliae)","Anvers","Biscoe","Adult, 1 Egg Stage","N23A2","Yes","2008-11-09",41.4,18.6,191,3700,"MALE"
"51",57,"PAL0809",57,"Adelie Penguin (Pygoscelis adeliae)","Anvers","Biscoe","Adult, 1 Egg Stage","N24A1","Yes","2008-11-15",39,17.5,186,3550,"FEMALE"
"52",58,"PAL0809",58,"Adelie Penguin (Pygoscelis adeliae)","Anvers","Biscoe","Adult, 1 Egg Stage","N24A2","Yes","2008-11-15",40.6,18.8,193,3800,"MALE"
"53",59,"PAL0809",59,"Adelie Penguin (Pygoscelis adeliae)","Anvers","Biscoe","Adult, 1 Egg Stage","N25A1","Yes","2008-11-15",36.5,16.6,181,2850,"FEMALE"
"54",60,"PAL0809",60,"Adelie Penguin (Pygoscelis adeliae)","Anvers","Biscoe","Adult, 1 Egg Stage","N25A2","Yes","2008-11-15",37.6,19.1,194,3750,"MALE"
"55",61,"PAL0809",61,"Adelie Penguin (Pygoscelis adeliae)","Anvers","Biscoe","Adult, 1 Egg Stage","N27A1","Yes","2008-11-13",35.7,16.9,185,3150,"FEMALE"
"56",62,"PAL0809",62,"Adelie Penguin (Pygoscelis adeliae)","Anvers","Biscoe","Adult, 1 Egg Stage","N27A2","Yes","2008-11-13",41.3,21.1,195,4400,"MALE"
"57",63,"PAL0809",63,"Adelie Penguin (Pygoscelis adeliae)","Anvers","Biscoe","Adult, 1 Egg Stage","N28A1","Yes","2008-11-13",37.6,17,185,3600,"FEMALE"
"58",64,"PAL0809",64,"Adelie Penguin (Pygoscelis adeliae)","Anvers","Biscoe","Adult, 1 Egg Stage","N28A2","Yes","2008-11-13",41.1,18.2,192,4050,"MALE"
"59",65,"PAL0809",65,"Adelie Penguin (Pygoscelis adeliae)","Anvers","Biscoe","Adult, 1 Egg Stage","N29A1","Yes","2008-11-13",36.4,17.1,184,2850,"FEMALE"
"60",66,"PAL0809",66,"Adelie Penguin (Pygoscelis adeliae)","Anvers","Biscoe","Adult, 1 Egg Stage","N29A2","Yes","2008-11-13",41.6,18,192,3950,"MALE"
"61",67,"PAL0809",67,"Adelie Penguin (Pygoscelis adeliae)","Anvers","Biscoe","Adult, 1 Egg Stage","N30A1","Yes","2008-11-06",35.5,16.2,195,3350,"FEMALE"
"62",68,"PAL0809",68,"Adelie Penguin (Pygoscelis adeliae)","Anvers","Biscoe","Adult, 1 Egg Stage","N30A2","Yes","2008-11-06",41.1,19.1,188,4100,"MALE"
"63",69,"PAL0809",69,"Adelie Penguin (Pygoscelis adeliae)","Anvers","Torgersen","Adult, 1 Egg Stage","N32A1","No","2008-11-11",35.9,16.6,190,3050,"FEMALE"
"64",70,"PAL0809",70,"Adelie Penguin (Pygoscelis adeliae)","Anvers","Torgersen","Adult, 1 Egg Stage","N32A2","No","2008-11-11",41.8,19.4,198,4450,"MALE"
"65",71,"PAL0809",71,"Adelie Penguin (Pygoscelis adeliae)","Anvers","Torgersen","Adult, 1 Egg Stage","N34A1","Yes","2008-11-14",33.5,19,190,3600,"FEMALE"
"66",72,"PAL0809",72,"Adelie Penguin (Pygoscelis adeliae)","Anvers","Torgersen","Adult, 1 Egg Stage","N34A2","Yes","2008-11-14",39.7,18.4,190,3900,"MALE"
"67",73,"PAL0809",73,"Adelie Penguin (Pygoscelis adeliae)","Anvers","Torgersen","Adult, 1 Egg Stage","N35A1","Yes","2008-11-11",39.6,17.2,196,3550,"FEMALE"
"68",74,"PAL0809",74,"Adelie Penguin (Pygoscelis adeliae)","Anvers","Torgersen","Adult, 1 Egg Stage","N35A2","Yes","2008-11-11",45.8,18.9,197,4150,"MALE"
"69",75,"PAL0809",75,"Adelie Penguin (Pygoscelis adeliae)","Anvers","Torgersen","Adult, 1 Egg Stage","N36A1","Yes","2008-11-08",35.5,17.5,190,3700,"FEMALE"
"70",76,"PAL0809",76,"Adelie Penguin (Pygoscelis adeliae)","Anvers","Torgersen","Adult, 1 Egg Stage","N36A2","Yes","2008-11-08",42.8,18.5,195,4250,"MALE"
"71",77,"PAL0809",77,"Adelie Penguin (Pygoscelis adeliae)","Anvers","Torgersen","Adult, 1 Egg Stage","N37A1","Yes","2008-11-06",40.9,16.8,191,3700,"FEMALE"
"72",78,"PAL0809",78,"Adelie Penguin (Pygoscelis adeliae)","Anvers","Torgersen","Adult, 1 Egg Stage","N37A2","Yes","2008-11-06",37.2,19.4,184,3900,"MALE"
"73",79,"PAL0809",79,"Adelie Penguin (Pygoscelis adeliae)","Anvers","Torgersen","Adult, 1 Egg Stage","N38A1","Yes","2008-11-09",36.2,16.1,187,3550,"FEMALE"
"74",80,"PAL0809",80,"Adelie Penguin (Pygoscelis adeliae)","Anvers","Torgersen","Adult, 1 Egg Stage","N38A2","Yes","2008-11-09",42.1,19.1,195,4000,"MALE"
"75",81,"PAL0809",81,"Adelie Penguin (Pygoscelis adeliae)","Anvers","Torgersen","Adult, 1 Egg Stage","N39A1","Yes","2008-11-02",34.6,17.2,189,3200,"FEMALE"
"76",82,"PAL0809",82,"Adelie Penguin (Pygoscelis adeliae)","Anvers","Torgersen","Adult, 1 Egg Stage","N39A2","Yes","2008-11-02",42.9,17.6,196,4700,"MALE"
"77",83,"PAL0809",83,"Adelie Penguin (Pygoscelis adeliae)","Anvers","Torgersen","Adult, 1 Egg Stage","N40A1","Yes","2008-11-07",36.7,18.8,187,3800,"FEMALE"
"78",84,"PAL0809",84,"Adelie Penguin (Pygoscelis adeliae)","Anvers","Torgersen","Adult, 1 Egg Stage","N40A2","Yes","2008-11-07",35.1,19.4,193,4200,"MALE"
"79",85,"PAL0809",85,"Adelie Penguin (Pygoscelis adeliae)","Anvers","Dream","Adult, 1 Egg Stage","N41A1","Yes","2008-11-17",37.3,17.8,191,3350,"FEMALE"
"80",86,"PAL0809",86,"Adelie Penguin (Pygoscelis adeliae)","Anvers","Dream","Adult, 1 Egg Stage","N41A2","Yes","2008-11-17",41.3,20.3,194,3550,"MALE"
"81",87,"PAL0809",87,"Adelie Penguin (Pygoscelis adeliae)","Anvers","Dream","Adult, 1 Egg Stage","N42A1","Yes","2008-11-08",36.3,19.5,190,3800,"MALE"
"82",88,"PAL0809",88,"Adelie Penguin (Pygoscelis adeliae)","Anvers","Dream","Adult, 1 Egg Stage","N42A2","Yes","2008-11-08",36.9,18.6,189,3500,"FEMALE"
"83",89,"PAL0809",89,"Adelie Penguin (Pygoscelis adeliae)","Anvers","Dream","Adult, 1 Egg Stage","N44A1","Yes","2008-11-08",38.3,19.2,189,3950,"MALE"
"84",90,"PAL0809",90,"Adelie Penguin (Pygoscelis adeliae)","Anvers","Dream","Adult, 1 Egg Stage","N44A2","Yes","2008-11-08",38.9,18.8,190,3600,"FEMALE"
"85",91,"PAL0809",91,"Adelie Penguin (Pygoscelis adeliae)","Anvers","Dream","Adult, 1 Egg Stage","N45A1","Yes","2008-11-14",35.7,18,202,3550,"FEMALE"
"86",92,"PAL0809",92,"Adelie Penguin (Pygoscelis adeliae)","Anvers","Dream","Adult, 1 Egg Stage","N45A2","Yes","2008-11-14",41.1,18.1,205,4300,"MALE"
"87",93,"PAL0809",93,"Adelie Penguin (Pygoscelis adeliae)","Anvers","Dream","Adult, 1 Egg Stage","N46A1","Yes","2008-11-05",34,17.1,185,3400,"FEMALE"
"88",94,"PAL0809",94,"Adelie Penguin (Pygoscelis adeliae)","Anvers","Dream","Adult, 1 Egg Stage","N46A2","Yes","2008-11-05",39.6,18.1,186,4450,"MALE"
"89",95,"PAL0809",95,"Adelie Penguin (Pygoscelis adeliae)","Anvers","Dream","Adult, 1 Egg Stage","N48A1","Yes","2008-11-17",36.2,17.3,187,3300,"FEMALE"
"90",96,"PAL0809",96,"Adelie Penguin (Pygoscelis adeliae)","Anvers","Dream","Adult, 1 Egg Stage","N48A2","Yes","2008-11-17",40.8,18.9,208,4300,"MALE"
"91",97,"PAL0809",97,"Adelie Penguin (Pygoscelis adeliae)","Anvers","Dream","Adult, 1 Egg Stage","N49A1","Yes","2008-11-08",38.1,18.6,190,3700,"FEMALE"
"92",98,"PAL0809",98,"Adelie Penguin (Pygoscelis adeliae)","Anvers","Dream","Adult, 1 Egg Stage","N49A2","Yes","2008-11-08",40.3,18.5,196,4350,"MALE"
"93",99,"PAL0809",99,"Adelie Penguin (Pygoscelis adeliae)","Anvers","Dream","Adult, 1 Egg Stage","N50A1","Yes","2008-11-10",33.1,16.1,178,2900,"FEMALE"
"94",100,"PAL0809",100,"Adelie Penguin (Pygoscelis adeliae)","Anvers","Dream","Adult, 1 Egg Stage","N50A2","Yes","2008-11-10",43.2,18.5,192,4100,"MALE"
"95",101,"PAL0910",101,"Adelie Penguin (Pygoscelis adeliae)","Anvers","Biscoe","Adult, 1 Egg Stage","N47A1","Yes","2009-11-09",35,17.9,192,3725,"FEMALE"
"96",102,"PAL0910",102,"Adelie Penguin (Pygoscelis adeliae)","Anvers","Biscoe","Adult, 1 Egg Stage","N47A2","Yes","2009-11-09",41,20,203,4725,"MALE"
"97",103,"PAL0910",103,"Adelie Penguin (Pygoscelis adeliae)","Anvers","Biscoe","Adult, 1 Egg Stage","N49A1","Yes","2009-11-15",37.7,16,183,3075,"FEMALE"
"98",104,"PAL0910",104,"Adelie Penguin (Pygoscelis adeliae)","Anvers","Biscoe","Adult, 1 Egg Stage","N49A2","Yes","2009-11-15",37.8,20,190,4250,"MALE"
"99",105,"PAL0910",105,"Adelie Penguin (Pygoscelis adeliae)","Anvers","Biscoe","Adult, 1 Egg Stage","N51A1","Yes","2009-11-15",37.9,18.6,193,2925,"FEMALE"
"100",106,"PAL0910",106,"Adelie Penguin (Pygoscelis adeliae)","Anvers","Biscoe","Adult, 1 Egg Stage","N51A2","Yes","2009-11-15",39.7,18.9,184,3550,"MALE"
"101",107,"PAL0910",107,"Adelie Penguin (Pygoscelis adeliae)","Anvers","Biscoe","Adult, 1 Egg Stage","N53A1","Yes","2009-11-15",38.6,17.2,199,3750,"FEMALE"
"102",108,"PAL0910",108,"Adelie Penguin (Pygoscelis adeliae)","Anvers","Biscoe","Adult, 1 Egg Stage","N53A2","Yes","2009-11-15",38.2,20,190,3900,"MALE"
"103",109,"PAL0910",109,"Adelie Penguin (Pygoscelis adeliae)","Anvers","Biscoe","Adult, 1 Egg Stage","N55A1","Yes","2009-11-20",38.1,17,181,3175,"FEMALE"
"104",110,"PAL0910",110,"Adelie Penguin (Pygoscelis adeliae)","Anvers","Biscoe","Adult, 1 Egg Stage","N55A2","Yes","2009-11-20",43.2,19,197,4775,"MALE"
"105",111,"PAL0910",111,"Adelie Penguin (Pygoscelis adeliae)","Anvers","Biscoe","Adult, 1 Egg Stage","N58A1","Yes","2009-11-12",38.1,16.5,198,3825,"FEMALE"
"106",112,"PAL0910",112,"Adelie Penguin (Pygoscelis adeliae)","Anvers","Biscoe","Adult, 1 Egg Stage","N58A2","Yes","2009-11-12",45.6,20.3,191,4600,"MALE"
"107",113,"PAL0910",113,"Adelie Penguin (Pygoscelis adeliae)","Anvers","Biscoe","Adult, 1 Egg Stage","N60A1","Yes","2009-11-15",39.7,17.7,193,3200,"FEMALE"
"108",114,"PAL0910",114,"Adelie Penguin (Pygoscelis adeliae)","Anvers","Biscoe","Adult, 1 Egg Stage","N60A2","Yes","2009-11-15",42.2,19.5,197,4275,"MALE"
"109",115,"PAL0910",115,"Adelie Penguin (Pygoscelis adeliae)","Anvers","Biscoe","Adult, 1 Egg Stage","N61A1","Yes","2009-11-17",39.6,20.7,191,3900,"FEMALE"
"110",116,"PAL0910",116,"Adelie Penguin (Pygoscelis adeliae)","Anvers","Biscoe","Adult, 1 Egg Stage","N61A2","Yes","2009-11-17",42.7,18.3,196,4075,"MALE"
"111",117,"PAL0910",117,"Adelie Penguin (Pygoscelis adeliae)","Anvers","Torgersen","Adult, 1 Egg Stage","N63A1","Yes","2009-11-18",38.6,17,188,2900,"FEMALE"
"112",118,"PAL0910",118,"Adelie Penguin (Pygoscelis adeliae)","Anvers","Torgersen","Adult, 1 Egg Stage","N63A2","Yes","2009-11-18",37.3,20.5,199,3775,"MALE"
"113",119,"PAL0910",119,"Adelie Penguin (Pygoscelis adeliae)","Anvers","Torgersen","Adult, 1 Egg Stage","N64A1","Yes","2009-11-22",35.7,17,189,3350,"FEMALE"
"114",120,"PAL0910",120,"Adelie Penguin (Pygoscelis adeliae)","Anvers","Torgersen","Adult, 1 Egg Stage","N64A2","Yes","2009-11-22",41.1,18.6,189,3325,"MALE"
"115",121,"PAL0910",121,"Adelie Penguin (Pygoscelis adeliae)","Anvers","Torgersen","Adult, 1 Egg Stage","N66A1","No","2009-11-17",36.2,17.2,187,3150,"FEMALE"
"116",122,"PAL0910",122,"Adelie Penguin (Pygoscelis adeliae)","Anvers","Torgersen","Adult, 1 Egg Stage","N66A2","No","2009-11-17",37.7,19.8,198,3500,"MALE"
"117",123,"PAL0910",123,"Adelie Penguin (Pygoscelis adeliae)","Anvers","Torgersen","Adult, 1 Egg Stage","N67A1","Yes","2009-11-16",40.2,17,176,3450,"FEMALE"
"118",124,"PAL0910",124,"Adelie Penguin (Pygoscelis adeliae)","Anvers","Torgersen","Adult, 1 Egg Stage","N67A2","Yes","2009-11-16",41.4,18.5,202,3875,"MALE"
"119",125,"PAL0910",125,"Adelie Penguin (Pygoscelis adeliae)","Anvers","Torgersen","Adult, 1 Egg Stage","N69A1","Yes","2009-11-18",35.2,15.9,186,3050,"FEMALE"
"120",126,"PAL0910",126,"Adelie Penguin (Pygoscelis adeliae)","Anvers","Torgersen","Adult, 1 Egg Stage","N69A2","Yes","2009-11-18",40.6,19,199,4000,"MALE"
"121",127,"PAL0910",127,"Adelie Penguin (Pygoscelis adeliae)","Anvers","Torgersen","Adult, 1 Egg Stage","N71A1","Yes","2009-11-21",38.8,17.6,191,3275,"FEMALE"
"122",128,"PAL0910",128,"Adelie Penguin (Pygoscelis adeliae)","Anvers","Torgersen","Adult, 1 Egg Stage","N71A2","Yes","2009-11-21",41.5,18.3,195,4300,"MALE"
"123",129,"PAL0910",129,"Adelie Penguin (Pygoscelis adeliae)","Anvers","Torgersen","Adult, 1 Egg Stage","N72A1","Yes","2009-11-18",39,17.1,191,3050,"FEMALE"
"124",130,"PAL0910",130,"Adelie Penguin (Pygoscelis adeliae)","Anvers","Torgersen","Adult, 1 Egg Stage","N72A2","Yes","2009-11-18",44.1,18,210,4000,"MALE"
"125",131,"PAL0910",131,"Adelie Penguin (Pygoscelis adeliae)","Anvers","Torgersen","Adult, 1 Egg Stage","N73A1","No","2009-11-23",38.5,17.9,190,3325,"FEMALE"
"126",132,"PAL0910",132,"Adelie Penguin (Pygoscelis adeliae)","Anvers","Torgersen","Adult, 1 Egg Stage","N73A2","No","2009-11-23",43.1,19.2,197,3500,"MALE"
"127",133,"PAL0910",133,"Adelie Penguin (Pygoscelis adeliae)","Anvers","Dream","Adult, 1 Egg Stage","N76A1","Yes","2009-11-10",36.8,18.5,193,3500,"FEMALE"
"128",134,"PAL0910",134,"Adelie Penguin (Pygoscelis adeliae)","Anvers","Dream","Adult, 1 Egg Stage","N76A2","Yes","2009-11-10",37.5,18.5,199,4475,"MALE"
"129",135,"PAL0910",135,"Adelie Penguin (Pygoscelis adeliae)","Anvers","Dream","Adult, 1 Egg Stage","N77A1","Yes","2009-11-13",38.1,17.6,187,3425,"FEMALE"
"130",136,"PAL0910",136,"Adelie Penguin (Pygoscelis adeliae)","Anvers","Dream","Adult, 1 Egg Stage","N77A2","Yes","2009-11-13",41.1,17.5,190,3900,"MALE"
"131",137,"PAL0910",137,"Adelie Penguin (Pygoscelis adeliae)","Anvers","Dream","Adult, 1 Egg Stage","N78A1","Yes","2009-11-16",35.6,17.5,191,3175,"FEMALE"
"132",138,"PAL0910",138,"Adelie Penguin (Pygoscelis adeliae)","Anvers","Dream","Adult, 1 Egg Stage","N78A2","Yes","2009-11-16",40.2,20.1,200,3975,"MALE"
"133",139,"PAL0910",139,"Adelie Penguin (Pygoscelis adeliae)","Anvers","Dream","Adult, 1 Egg Stage","N79A1","No","2009-11-16",37,16.5,185,3400,"FEMALE"
"134",140,"PAL0910",140,"Adelie Penguin (Pygoscelis adeliae)","Anvers","Dream","Adult, 1 Egg Stage","N79A2","No","2009-11-16",39.7,17.9,193,4250,"MALE"
"135",141,"PAL0910",141,"Adelie Penguin (Pygoscelis adeliae)","Anvers","Dream","Adult, 1 Egg Stage","N80A1","Yes","2009-11-14",40.2,17.1,193,3400,"FEMALE"
"136",142,"PAL0910",142,"Adelie Penguin (Pygoscelis adeliae)","Anvers","Dream","Adult, 1 Egg Stage","N80A2","Yes","2009-11-14",40.6,17.2,187,3475,"MALE"
"137",143,"PAL0910",143,"Adelie Penguin (Pygoscelis adeliae)","Anvers","Dream","Adult, 1 Egg Stage","N81A1","Yes","2009-11-16",32.1,15.5,188,3050,"FEMALE"
"138",144,"PAL0910",144,"Adelie Penguin (Pygoscelis adeliae)","Anvers","Dream","Adult, 1 Egg Stage","N81A2","Yes","2009-11-16",40.7,17,190,3725,"MALE"
"139",145,"PAL0910",145,"Adelie Penguin (Pygoscelis adeliae)","Anvers","Dream","Adult, 1 Egg Stage","N82A1","Yes","2009-11-16",37.3,16.8,192,3000,"FEMALE"
"140",146,"PAL0910",146,"Adelie Penguin (Pygoscelis adeliae)","Anvers","Dream","Adult, 1 Egg Stage","N82A2","Yes","2009-11-16",39,18.7,185,3650,"MALE"
"141",147,"PAL0910",147,"Adelie Penguin (Pygoscelis adeliae)","Anvers","Dream","Adult, 1 Egg Stage","N83A1","Yes","2009-11-13",39.2,18.6,190,4250,"MALE"
"142",148,"PAL0910",148,"Adelie Penguin (Pygoscelis adeliae)","Anvers","Dream","Adult, 1 Egg Stage","N83A2","Yes","2009-11-13",36.6,18.4,184,3475,"FEMALE"
"143",149,"PAL0910",149,"Adelie Penguin (Pygoscelis adeliae)","Anvers","Dream","Adult, 1 Egg Stage","N84A1","Yes","2009-11-17",36,17.8,195,3450,"FEMALE"
"144",150,"PAL0910",150,"Adelie Penguin (Pygoscelis adeliae)","Anvers","Dream","Adult, 1 Egg Stage","N84A2","Yes","2009-11-17",37.8,18.1,193,3750,"MALE"
"145",151,"PAL0910",151,"Adelie Penguin (Pygoscelis adeliae)","Anvers","Dream","Adult, 1 Egg Stage","N85A1","Yes","2009-11-17",36,17.1,187,3700,"FEMALE"
"146",152,"PAL0910",152,"Adelie Penguin (Pygoscelis adeliae)","Anvers","Dream","Adult, 1 Egg Stage","N85A2","Yes","2009-11-17",41.5,18.5,201,4000,"MALE"
